{
    "Brasil": {
        "name": "Brasil",
        "states": {
            "MG": {
                "name": "Minas Gerais",
                "cities": [
                    "Arinos",
                    "Belo Horizonte",
                    "Belo Horizonte – Barro Preto\/MG",
                    "Belo Horizonte – Castelo\/MG",
                    "Betim",
                    "Carmo do Cajuru",
                    "Congonhas",
                    "Conselheiro Lafaiete",
                    "Contagem",
                    "Divinópolis",
                    "Ipatinga",
                    "Itabira",
                    "Jardim Riacho das Pedras",
                    "João Monlevade",
                    "Juiz de Fora",
                    "Lagoa Santa",
                    "Montes Claros",
                    "Nova Lima",
                    "Nova Serrana",
                    "Paracatu",
                    "Pará de Minas",
                    "Porteirinha",
                    "Ribeirão das Neves",
                    "Santa Luzia",
                    "Sarzedo",
                    "Teófilo Otoni",
                    "Unaí"
                ]
            },
            "SP": {
                "name": "São Paulo",
                "cities": [
                    "Caieiras"
                ]
            },
            "DF": {
                "name": "Distrito Federal",
                "cities": [
                    "Brasília"
                ]
            },
            "CE": {
                "name": "Ceará",
                "cities": [
                    "Fortaleza"
                ]
            },
            "RS": {
                "name": "Rio Grande do Sul",
                "cities": [
                    "Pelotas"
                ]
            },
            "ES": {
                "name": "Espírito Santo",
                "cities": [
                    "Vila Velha"
                ]
            },
            "MA": {
                "name": "Maranhão",
                "cities": [
                    "São Luís"
                ]
            },
            "RJ": {
                "name": "Rio de Janeiro",
                "cities": [
                    "Japeri"
                ]
            }
        }
    },
    "Mundo": {
        "Colômbia": {
            "name": "Colômbia",
            "states": {
                "Cundinamarca": {
                    "name": "Cundinamarca",
                    "cities": [
                        "Bogotá"
                    ]
                }
            }
        },
        "Peru": {
            "name": "Peru",
            "states": {
                "Villa El Salvador": {
                    "name": "Villa El Salvador",
                    "cities": [
                        "San Borja"
                    ]
                }
            }
        },
        "Tailândia": {
            "name": "Tailândia",
            "states": {
                "Watthana": {
                    "name": "Watthana",
                    "cities": [
                        "Bangkok"
                    ]
                }
            }
        },
        "Estados Unidos": {
            "name": "Estados Unidos",
            "states": {
                "Massachusetts": {
                    "name": "Massachusetts",
                    "cities": [
                        "Boston"
                    ]
                },
                "Pensilvânia": {
                    "name": "Pensilvânia",
                    "cities": [
                        "New Jersey"
                    ]
                }
            }
        }
    }
}